{
  "name": "WALL3D_IPAD_OFICIAL",
  "projectType": "AR",
  "viewType": "ar",
  "fileName": "WALL3D_IPAD_OFICIAL",
  "thingworxServer": "http://dinaut.eastus.cloudapp.azure.com:2019",
  "viewTemplateFileName": "home-ar.json",
  "state": {
    "orientation": "portrait"
  },
  "targets": {
    "phone": {
      "components": [
        {
          "name": "Home",
          "fileName": "Home",
          "showInMainMenu": true,
          "viewType": "ar",
          "title": "Home"
        }
      ],
      "images": []
    },
    "shared": {
      "components": [
        {
          "name": "Data",
          "fileName": "Data"
        }
      ],
      "images": [],
      "styles": [
        {
          "name": "App",
          "fileName": "App",
          "fileExt": "scss"
        }
      ]
    }
  },
  "device": {
    "name": "iphone",
    "width": "375",
    "height": "667"
  },
  "mainNavigationMenuStyle": "leftSideMenu",
  "resourceDirectory": "src/phone/resources",
  "resourceRuntimeDir": "app/resources",
  "fontRuntimeDir": "../fonts",
  "fontDesigntimeDir": "../dist/fonts",
  "theme": "twx-light",
  "version": "9.21.3.0"
}