{"/":{"":{"Adapter_name":"step2pv","Adapter_platform":"x86e_win64","Adapter_version":"20.1.5.1-Q3TIBO","Pro/E Layer Compatibility":"1","Source_file_name":"A5.stp"},"__PV_SystemProperties":{"Child Count":"2","Component Name":"A5","Display Name":"A5","Model Extents (mm)":"533.751","OL File Name":"","Part Depth":"1","Part ID Path":"/","Part Name":"A5","Part Path":"A5"},"__StructureProperties":{"Bounds":{"min":[-0.12495680898427963,-0.24927103519439697,-0.2668718695640564],"max":[0.11654318869113922,0.2407289743423462,0.2668791115283966]},"Location":[1,0,0,0,0,1,0,0,0,0,1,0,0,0,0,1]}},"/3":{"":{"Pro/E Layer Compatibility":"1"},"__PV_SystemProperties":{"Child Count":"0","Component Name":"001_OBJECTS.PRT","Display Name":"001_OBJECTS.PRT","Model Extents (mm)":"533.751","OL File Name":"A5.ol","Part Depth":"2","Part ID":"3","Part ID Path":"/3","Part Name":"001_OBJECTS.PRT","Part Path":"A5/001_OBJECTS.PRT"},"__StructureProperties":{"Bounds":{"min":[-0.12495680898427963,-0.24927103519439697,-0.2668718695640564],"max":[0.11654318869113922,0.2407289743423462,0.2668791115283966]},"Location":[1,0,0,0,0,1,0,0,0,0,1,0,-0.007456807419657707,-0.004271034151315689,0.09187911450862885,1]}},"/4":{"":{"Pro/E Layer Compatibility":"1"},"__PV_SystemProperties":{"Child Count":"0","Component Name":"SIEMENS_SITRANS_P_1.PRT","Display Name":"SIEMENS_SITRANS_P_1.PRT","Model Extents (mm)":"40.1351","OL File Name":"A5_2.ol","Part Depth":"2","Part ID":"4","Part ID Path":"/4","Part Name":"SIEMENS_SITRANS_P_1.PRT","Part Path":"A5/SIEMENS_SITRANS_P_1.PRT"},"__StructureProperties":{"Bounds":{"min":[0.1050431877374649,-0.024504315108060837,0.179360032081604],"max":[0.10934319347143173,0.0156308114528656,0.21949514746665955]},"Location":[6.12319893931692e-17,0.9999942748521664,-0.0033838237084636807,0,-6.102514051369522e-17,0.0033838237084636807,0.9999942748521664,0,1,-6.102514051369522e-17,6.12319893931692e-17,0,0.05394319072365761,-0.004436752758920193,0.19942758977413177,1]}}}
