{"/":{"":{"Adapter_name":"fbx2pv","Adapter_platform":"x86e_win64","Adapter_version":"20.1.5.1-Q3TIBO","Source_file_name":"DELL_Poweredge-R710.fbx"},"__PV_SystemProperties":{"Child Count":"44","Component Name":"DELL_Poweredge-R710","Display Name":"DELL_Poweredge-R710","Model Extents (mm)":"352.745","OL File Name":"","Part Depth":"1","Part ID Path":"/","Part Name":"DELL_Poweredge-R710","Part Path":"DELL_Poweredge-R710"},"__StructureProperties":{"Bounds":{"min":[6.481073379516602,0.48179134726524353,-5.929443836212158],"max":[6.833818435668945,0.5167913436889648,-5.744935035705566]},"Location":[1,0,0,0,0,1,0,0,0,0,1,0,0,0,0,1]}},"/100":{"__PV_SystemProperties":{"Child Count":"0","Component Name":"Mesh28","Display Name":"Mesh28","Model Extents (mm)":"13.3953","OL File Name":"DELL_Poweredge-R710_28.ol","Part Depth":"2","Part ID":"100","Part ID Path":"/100","Part Name":"Mesh28","Part Path":"DELL_Poweredge-R710/Mesh28"},"__StructureProperties":{"Bounds":{"min":[6.812027931213379,0.48469632863998413,-5.783829689025879],"max":[6.814207077026367,0.4881986081600189,-5.770434379577637]},"Location":[1,0,0,0,0,1,0,0,0,0,1,0,0,0,0,1]}},"/102":{"__PV_SystemProperties":{"Child Count":"0","Component Name":"Mesh29","Display Name":"Mesh29","Model Extents (mm)":"6.72626","OL File Name":"DELL_Poweredge-R710_29.ol","Part Depth":"2","Part ID":"102","Part ID Path":"/102","Part Name":"Mesh29","Part Path":"DELL_Poweredge-R710/Mesh29"},"__StructureProperties":{"Bounds":{"min":[6.809604167938232,0.4827694296836853,-5.7631988525390625],"max":[6.814207077026367,0.4879361093044281,-5.756472587585449]},"Location":[1,0,0,0,0,1,0,0,0,0,1,0,0,0,0,1]}},"/105":{"__PV_SystemProperties":{"Child Count":"0","Component Name":"Mesh30","Display Name":"Mesh30","Model Extents (mm)":"1.28174","OL File Name":"DELL_Poweredge-R710_30.ol","Part Depth":"2","Part ID":"105","Part ID Path":"/105","Part Name":"Mesh30","Part Path":"DELL_Poweredge-R710/Mesh30"},"__StructureProperties":{"Bounds":{"min":[6.482944965362549,0.5029326677322388,-5.882050514221191],"max":[6.483152389526367,0.5037280917167664,-5.880768775939941]},"Location":[1,0,0,0,0,1,0,0,0,0,1,0,0,0,0,1]}},"/107":{"__PV_SystemProperties":{"Child Count":"0","Component Name":"Mesh31","Display Name":"Mesh31","Model Extents (mm)":"3.5696","OL File Name":"DELL_Poweredge-R710_31.ol","Part Depth":"2","Part ID":"107","Part ID Path":"/107","Part Name":"Mesh31","Part Path":"DELL_Poweredge-R710/Mesh31"},"__StructureProperties":{"Bounds":{"min":[6.482879638671875,0.5039500594139099,-5.87961483001709],"max":[6.483152389526367,0.5050615072250366,-5.876045227050781]},"Location":[1,0,0,0,0,1,0,0,0,0,1,0,0,0,0,1]}},"/108":{"__PV_SystemProperties":{"Child Count":"0","Component Name":"Mesh32","Display Name":"Mesh32","Model Extents (mm)":"56.407","OL File Name":"DELL_Poweredge-R710_32.ol","Part Depth":"2","Part ID":"108","Part ID Path":"/108","Part Name":"Mesh32","Part Path":"DELL_Poweredge-R710/Mesh32"},"__StructureProperties":{"Bounds":{"min":[6.483132839202881,0.5013161897659302,-5.91732120513916],"max":[6.484241962432861,0.5072821378707886,-5.86091423034668]},"Location":[1,0,0,0,0,1,0,0,0,0,1,0,0,0,0,1]}},"/111":{"__PV_SystemProperties":{"Child Count":"0","Component Name":"Mesh33","Display Name":"Mesh33","Model Extents (mm)":"15.1882","OL File Name":"DELL_Poweredge-R710_33.ol","Part Depth":"2","Part ID":"111","Part ID Path":"/111","Part Name":"Mesh33","Part Path":"DELL_Poweredge-R710/Mesh33"},"__StructureProperties":{"Bounds":{"min":[6.818630218505859,0.4871499240398407,-5.918189525604248],"max":[6.833818435668945,0.5006555318832397,-5.91519832611084]},"Location":[1,0,0,0,0,1,0,0,0,0,1,0,0,0,0,1]}},"/113":{"__PV_SystemProperties":{"Child Count":"0","Component Name":"Mesh34","Display Name":"Mesh34","Model Extents (mm)":"12.6183","OL File Name":"DELL_Poweredge-R710_34.ol","Part Depth":"2","Part ID":"113","Part ID Path":"/113","Part Name":"Mesh34","Part Path":"DELL_Poweredge-R710/Mesh34"},"__StructureProperties":{"Bounds":{"min":[6.816396713256836,0.4882994592189789,-5.911044120788574],"max":[6.820417404174805,0.5009177923202515,-5.90034818649292]},"Location":[1,0,0,0,0,1,0,0,0,0,1,0,0,0,0,1]}},"/115":{"__PV_SystemProperties":{"Child Count":"0","Component Name":"Mesh35","Display Name":"Mesh35","Model Extents (mm)":"6.76137","OL File Name":"DELL_Poweredge-R710_35.ol","Part Depth":"2","Part ID":"115","Part ID Path":"/115","Part Name":"Mesh35","Part Path":"DELL_Poweredge-R710/Mesh35"},"__StructureProperties":{"Bounds":{"min":[6.818630218505859,0.4895266890525818,-5.900489330291748],"max":[6.82265043258667,0.4962880611419678,-5.89749813079834]},"Location":[1,0,0,0,0,1,0,0,0,0,1,0,0,0,0,1]}},"/116":{"__PV_SystemProperties":{"Child Count":"0","Component Name":"Mesh36","Display Name":"Mesh36","Model Extents (mm)":"117.847","OL File Name":"DELL_Poweredge-R710_36.ol","Part Depth":"2","Part ID":"116","Part ID Path":"/116","Part Name":"Mesh36","Part Path":"DELL_Poweredge-R710/Mesh36"},"__StructureProperties":{"Bounds":{"min":[6.700782775878906,0.48179957270622253,-5.926941394805908],"max":[6.818630218505859,0.5132342576980591,-5.897148132324219]},"Location":[1,0,0,0,0,1,0,0,0,0,1,0,0,0,0,1]}},"/119":{"__PV_SystemProperties":{"Child Count":"0","Component Name":"Mesh37","Display Name":"Mesh37","Model Extents (mm)":"31.0073","OL File Name":"DELL_Poweredge-R710_37.ol","Part Depth":"2","Part ID":"119","Part ID Path":"/119","Part Name":"Mesh37","Part Path":"DELL_Poweredge-R710/Mesh37"},"__StructureProperties":{"Bounds":{"min":[6.811075210571289,0.49294307827949524,-5.831320762634277],"max":[6.83096981048584,0.49531885981559753,-5.800313472747803]},"Location":[1,0,0,0,0,1,0,0,0,0,1,0,0,0,0,1]}},"/121":{"__PV_SystemProperties":{"Child Count":"0","Component Name":"Mesh38","Display Name":"Mesh38","Model Extents (mm)":"25.4517","OL File Name":"DELL_Poweredge-R710_38.ol","Part Depth":"2","Part ID":"121","Part ID Path":"/121","Part Name":"Mesh38","Part Path":"DELL_Poweredge-R710/Mesh38"},"__StructureProperties":{"Bounds":{"min":[6.811075210571289,0.49294307827949524,-5.856772422790527],"max":[6.83096981048584,0.49531885981559753,-5.831320762634277]},"Location":[1,0,0,0,0,1,0,0,0,0,1,0,0,0,0,1]}},"/124":{"__PV_SystemProperties":{"Child Count":"0","Component Name":"Mesh39","Display Name":"Mesh39","Model Extents (mm)":"39.2427","OL File Name":"DELL_Poweredge-R710_39.ol","Part Depth":"2","Part ID":"124","Part ID Path":"/124","Part Name":"Mesh39","Part Path":"DELL_Poweredge-R710/Mesh39"},"__StructureProperties":{"Bounds":{"min":[6.481073379516602,0.507565975189209,-5.781980514526367],"max":[6.520316123962402,0.5145418047904968,-5.748777389526367]},"Location":[1,0,0,0,0,1,0,0,0,0,1,0,0,0,0,1]}},"/126":{"__PV_SystemProperties":{"Child Count":"0","Component Name":"Mesh40","Display Name":"Mesh40","Model Extents (mm)":"39.2427","OL File Name":"DELL_Poweredge-R710_40.ol","Part Depth":"2","Part ID":"126","Part ID Path":"/126","Part Name":"Mesh40","Part Path":"DELL_Poweredge-R710/Mesh40"},"__StructureProperties":{"Bounds":{"min":[6.481073379516602,0.48370233178138733,-5.781980514526367],"max":[6.520316123962402,0.49067816138267517,-5.748777389526367]},"Location":[1,0,0,0,0,1,0,0,0,0,1,0,0,0,0,1]}},"/128":{"__PV_SystemProperties":{"Child Count":"0","Component Name":"Mesh41","Display Name":"Mesh41","Model Extents (mm)":"39.2427","OL File Name":"DELL_Poweredge-R710_41.ol","Part Depth":"2","Part ID":"128","Part ID Path":"/128","Part Name":"Mesh41","Part Path":"DELL_Poweredge-R710/Mesh41"},"__StructureProperties":{"Bounds":{"min":[6.481073379516602,0.49961143732070923,-5.781980514526367],"max":[6.520316123962402,0.5065872669219971,-5.748777389526367]},"Location":[1,0,0,0,0,1,0,0,0,0,1,0,0,0,0,1]}},"/130":{"__PV_SystemProperties":{"Child Count":"0","Component Name":"Mesh42","Display Name":"Mesh42","Model Extents (mm)":"39.2427","OL File Name":"DELL_Poweredge-R710_42.ol","Part Depth":"2","Part ID":"130","Part ID Path":"/130","Part Name":"Mesh42","Part Path":"DELL_Poweredge-R710/Mesh42"},"__StructureProperties":{"Bounds":{"min":[6.481073379516602,0.4916568994522095,-5.781980514526367],"max":[6.520316123962402,0.4986327290534973,-5.748777389526367]},"Location":[1,0,0,0,0,1,0,0,0,0,1,0,0,0,0,1]}},"/132":{"__PV_SystemProperties":{"Child Count":"0","Component Name":"Mesh43","Display Name":"Mesh43","Model Extents (mm)":"5.96595","OL File Name":"DELL_Poweredge-R710_43.ol","Part Depth":"2","Part ID":"132","Part ID Path":"/132","Part Name":"Mesh43","Part Path":"DELL_Poweredge-R710/Mesh43"},"__StructureProperties":{"Bounds":{"min":[6.48408317565918,0.5100716948509216,-5.918893337249756],"max":[6.487351417541504,0.51603764295578,-5.916021823883057]},"Location":[1,0,0,0,0,1,0,0,0,0,1,0,0,0,0,1]}},"/133":{"__PV_SystemProperties":{"Child Count":"0","Component Name":"Mesh44","Display Name":"Mesh44","Model Extents (mm)":"335.027","OL File Name":"DELL_Poweredge-R710_44.ol","Part Depth":"2","Part ID":"133","Part ID Path":"/133","Part Name":"Mesh44","Part Path":"DELL_Poweredge-R710/Mesh44"},"__StructureProperties":{"Bounds":{"min":[6.48408317565918,0.48179134726524353,-5.929443836212158],"max":[6.819109916687012,0.5167913436889648,-5.744935035705566]},"Location":[1,0,0,0,0,1,0,0,0,0,1,0,0,0,0,1]}},"/43":{"__PV_SystemProperties":{"Child Count":"0","Component Name":"Mesh1","Display Name":"Mesh1","Model Extents (mm)":"18.1503","OL File Name":"DELL_Poweredge-R710.ol","Part Depth":"2","Part ID":"43","Part ID Path":"/43","Part Name":"Mesh1","Part Path":"DELL_Poweredge-R710/Mesh1"},"__StructureProperties":{"Bounds":{"min":[6.796195983886719,0.5006458759307861,-5.77429723739624],"max":[6.8143463134765625,0.5046435594558716,-5.768509864807129]},"Location":[1,0,0,0,0,1,0,0,0,0,1,0,0,0,0,1]}},"/45":{"__PV_SystemProperties":{"Child Count":"0","Component Name":"Mesh2","Display Name":"Mesh2","Model Extents (mm)":"18.1503","OL File Name":"DELL_Poweredge-R710_2.ol","Part Depth":"2","Part ID":"45","Part ID Path":"/45","Part Name":"Mesh2","Part Path":"DELL_Poweredge-R710/Mesh2"},"__StructureProperties":{"Bounds":{"min":[6.796195983886719,0.5006458759307861,-5.786172389984131],"max":[6.8143463134765625,0.5046435594558716,-5.7803850173950195]},"Location":[1,0,0,0,0,1,0,0,0,0,1,0,0,0,0,1]}},"/46":{"__PV_SystemProperties":{"Child Count":"0","Component Name":"Mesh3","Display Name":"Mesh3","Model Extents (mm)":"43.4475","OL File Name":"DELL_Poweredge-R710_3.ol","Part Depth":"2","Part ID":"46","Part ID Path":"/46","Part Name":"Mesh3","Part Path":"DELL_Poweredge-R710/Mesh3"},"__StructureProperties":{"Bounds":{"min":[6.813485145568848,0.5001506805419922,-5.79874324798584],"max":[6.819109916687012,0.5051506757736206,-5.755295753479004]},"Location":[1,0,0,0,0,1,0,0,0,0,1,0,0,0,0,1]}},"/48":{"__PV_SystemProperties":{"Child Count":"0","Component Name":"Mesh4","Display Name":"Mesh4","Model Extents (mm)":"323.249","OL File Name":"DELL_Poweredge-R710_4.ol","Part Depth":"2","Part ID":"48","Part ID Path":"/48","Part Name":"Mesh4","Part Path":"DELL_Poweredge-R710/Mesh4"},"__StructureProperties":{"Bounds":{"min":[6.48533296585083,0.48304134607315063,-5.926943778991699],"max":[6.808581829071045,0.4955413341522217,-5.747435092926025]},"Location":[1,0,0,0,0,1,0,0,0,0,1,0,0,0,0,1]}},"/51":{"__PV_SystemProperties":{"Child Count":"0","Component Name":"Mesh5","Display Name":"Mesh5","Model Extents (mm)":"18.1503","OL File Name":"DELL_Poweredge-R710_5.ol","Part Depth":"2","Part ID":"51","Part ID Path":"/51","Part Name":"Mesh5","Part Path":"DELL_Poweredge-R710/Mesh5"},"__StructureProperties":{"Bounds":{"min":[6.796195983886719,0.5088241696357727,-5.77429723739624],"max":[6.8143463134765625,0.5128219127655029,-5.768509864807129]},"Location":[1,0,0,0,0,1,0,0,0,0,1,0,0,0,0,1]}},"/53":{"__PV_SystemProperties":{"Child Count":"0","Component Name":"Mesh6","Display Name":"Mesh6","Model Extents (mm)":"18.1503","OL File Name":"DELL_Poweredge-R710_6.ol","Part Depth":"2","Part ID":"53","Part ID Path":"/53","Part Name":"Mesh6","Part Path":"DELL_Poweredge-R710/Mesh6"},"__StructureProperties":{"Bounds":{"min":[6.796195983886719,0.5088241696357727,-5.786172389984131],"max":[6.8143463134765625,0.5128219127655029,-5.7803850173950195]},"Location":[1,0,0,0,0,1,0,0,0,0,1,0,0,0,0,1]}},"/54":{"__PV_SystemProperties":{"Child Count":"0","Component Name":"Mesh7","Display Name":"Mesh7","Model Extents (mm)":"43.4475","OL File Name":"DELL_Poweredge-R710_7.ol","Part Depth":"2","Part ID":"54","Part ID Path":"/54","Part Name":"Mesh7","Part Path":"DELL_Poweredge-R710/Mesh7"},"__StructureProperties":{"Bounds":{"min":[6.813485145568848,0.5083289742469788,-5.79874324798584],"max":[6.819109916687012,0.5133289694786072,-5.755295753479004]},"Location":[1,0,0,0,0,1,0,0,0,0,1,0,0,0,0,1]}},"/56":{"__PV_SystemProperties":{"Child Count":"0","Component Name":"Mesh8","Display Name":"Mesh8","Model Extents (mm)":"2.56395","OL File Name":"DELL_Poweredge-R710_8.ol","Part Depth":"2","Part ID":"56","Part ID Path":"/56","Part Name":"Mesh8","Part Path":"DELL_Poweredge-R710/Mesh8"},"__StructureProperties":{"Bounds":{"min":[6.482607364654541,0.5118864178657532,-5.91080379486084],"max":[6.484241962432861,0.5139530897140503,-5.908239841461182]},"Location":[1,0,0,0,0,1,0,0,0,0,1,0,0,0,0,1]}},"/59":{"__PV_SystemProperties":{"Child Count":"0","Component Name":"Mesh9","Display Name":"Mesh9","Model Extents (mm)":"2.56395","OL File Name":"DELL_Poweredge-R710_9.ol","Part Depth":"2","Part ID":"59","Part ID Path":"/59","Part Name":"Mesh9","Part Path":"DELL_Poweredge-R710/Mesh9"},"__StructureProperties":{"Bounds":{"min":[6.811643123626709,0.48533809185028076,-5.788991451263428],"max":[6.813277244567871,0.48730140924453735,-5.7864274978637695]},"Location":[1,0,0,0,0,1,0,0,0,0,1,0,0,0,0,1]}},"/61":{"__PV_SystemProperties":{"Child Count":"0","Component Name":"Mesh10","Display Name":"Mesh10","Model Extents (mm)":"2.56348","OL File Name":"DELL_Poweredge-R710_10.ol","Part Depth":"2","Part ID":"61","Part ID Path":"/61","Part Name":"Mesh10","Part Path":"DELL_Poweredge-R710/Mesh10"},"__StructureProperties":{"Bounds":{"min":[6.811643123626709,0.48535746335983276,-5.799694061279297],"max":[6.813277244567871,0.48732078075408936,-5.797130584716797]},"Location":[1,0,0,0,0,1,0,0,0,0,1,0,0,0,0,1]}},"/63":{"__PV_SystemProperties":{"Child Count":"0","Component Name":"Mesh11","Display Name":"Mesh11","Model Extents (mm)":"7.77245","OL File Name":"DELL_Poweredge-R710_11.ol","Part Depth":"2","Part ID":"63","Part ID Path":"/63","Part Name":"Mesh11","Part Path":"DELL_Poweredge-R710/Mesh11"},"__StructureProperties":{"Bounds":{"min":[6.811643123626709,0.48468440771102905,-5.79701042175293],"max":[6.814207077026367,0.48820093274116516,-5.789237976074219]},"Location":[1,0,0,0,0,1,0,0,0,0,1,0,0,0,0,1]}},"/65":{"__PV_SystemProperties":{"Child Count":"0","Component Name":"Mesh12","Display Name":"Mesh12","Model Extents (mm)":"6.5527","OL File Name":"DELL_Poweredge-R710_12.ol","Part Depth":"2","Part ID":"65","Part ID Path":"/65","Part Name":"Mesh12","Part Path":"DELL_Poweredge-R710/Mesh12"},"__StructureProperties":{"Bounds":{"min":[6.483333587646484,0.5092285871505737,-5.92728328704834],"max":[6.48408317565918,0.5153276920318604,-5.9207305908203125]},"Location":[1,0,0,0,0,1,0,0,0,0,1,0,0,0,0,1]}},"/67":{"__PV_SystemProperties":{"Child Count":"0","Component Name":"Mesh13","Display Name":"Mesh13","Model Extents (mm)":"2.56443","OL File Name":"DELL_Poweredge-R710_13.ol","Part Depth":"2","Part ID":"67","Part ID Path":"/67","Part Name":"Mesh13","Part Path":"DELL_Poweredge-R710/Mesh13"},"__StructureProperties":{"Bounds":{"min":[6.482607364654541,0.5119068026542664,-5.9001007080078125],"max":[6.484241962432861,0.5139734745025635,-5.897536277770996]},"Location":[1,0,0,0,0,1,0,0,0,0,1,0,0,0,0,1]}},"/69":{"__PV_SystemProperties":{"Child Count":"0","Component Name":"Mesh14","Display Name":"Mesh14","Model Extents (mm)":"5.96595","OL File Name":"DELL_Poweredge-R710_14.ol","Part Depth":"2","Part ID":"69","Part ID Path":"/69","Part Name":"Mesh14","Part Path":"DELL_Poweredge-R710/Mesh14"},"__StructureProperties":{"Bounds":{"min":[6.48408317565918,0.5100716948509216,-5.914619445800781],"max":[6.487351417541504,0.51603764295578,-5.911747932434082]},"Location":[1,0,0,0,0,1,0,0,0,0,1,0,0,0,0,1]}},"/72":{"__PV_SystemProperties":{"Child Count":"0","Component Name":"Mesh15","Display Name":"Mesh15","Model Extents (mm)":"6.54221","OL File Name":"DELL_Poweredge-R710_15.ol","Part Depth":"2","Part ID":"72","Part ID Path":"/72","Part Name":"Mesh15","Part Path":"DELL_Poweredge-R710/Mesh15"},"__StructureProperties":{"Bounds":{"min":[6.809604167938232,0.48461630940437317,-5.842442512512207],"max":[6.814207077026367,0.48978301882743835,-5.83590030670166]},"Location":[1,0,0,0,0,1,0,0,0,0,1,0,0,0,0,1]}},"/74":{"__PV_SystemProperties":{"Child Count":"0","Component Name":"Mesh16","Display Name":"Mesh16","Model Extents (mm)":"6.54221","OL File Name":"DELL_Poweredge-R710_16.ol","Part Depth":"2","Part ID":"74","Part ID Path":"/74","Part Name":"Mesh16","Part Path":"DELL_Poweredge-R710/Mesh16"},"__StructureProperties":{"Bounds":{"min":[6.809604167938232,0.48461630940437317,-5.829357624053955],"max":[6.814207077026367,0.48978301882743835,-5.822815418243408]},"Location":[1,0,0,0,0,1,0,0,0,0,1,0,0,0,0,1]}},"/76":{"__PV_SystemProperties":{"Child Count":"0","Component Name":"Mesh17","Display Name":"Mesh17","Model Extents (mm)":"6.54268","OL File Name":"DELL_Poweredge-R710_17.ol","Part Depth":"2","Part ID":"76","Part ID Path":"/76","Part Name":"Mesh17","Part Path":"DELL_Poweredge-R710/Mesh17"},"__StructureProperties":{"Bounds":{"min":[6.809604167938232,0.48461630940437317,-5.83590030670166],"max":[6.814207077026367,0.48978301882743835,-5.829357624053955]},"Location":[1,0,0,0,0,1,0,0,0,0,1,0,0,0,0,1]}},"/78":{"__PV_SystemProperties":{"Child Count":"0","Component Name":"Mesh18","Display Name":"Mesh18","Model Extents (mm)":"6.54173","OL File Name":"DELL_Poweredge-R710_18.ol","Part Depth":"2","Part ID":"78","Part ID Path":"/78","Part Name":"Mesh18","Part Path":"DELL_Poweredge-R710/Mesh18"},"__StructureProperties":{"Bounds":{"min":[6.809604167938232,0.48461630940437317,-5.848984241485596],"max":[6.814207077026367,0.48978301882743835,-5.842442512512207]},"Location":[1,0,0,0,0,1,0,0,0,0,1,0,0,0,0,1]}},"/80":{"__PV_SystemProperties":{"Child Count":"0","Component Name":"Mesh19","Display Name":"Mesh19","Model Extents (mm)":"7.77149","OL File Name":"DELL_Poweredge-R710_19.ol","Part Depth":"2","Part ID":"80","Part ID Path":"/80","Part Name":"Mesh19","Part Path":"DELL_Poweredge-R710/Mesh19"},"__StructureProperties":{"Bounds":{"min":[6.4815192222595215,0.5111983418464661,-5.907992362976074],"max":[6.48408317565918,0.5148999691009521,-5.90022087097168]},"Location":[1,0,0,0,0,1,0,0,0,0,1,0,0,0,0,1]}},"/83":{"__PV_SystemProperties":{"Child Count":"0","Component Name":"Mesh20","Display Name":"Mesh20","Model Extents (mm)":"39.2427","OL File Name":"DELL_Poweredge-R710_20.ol","Part Depth":"2","Part ID":"83","Part ID Path":"/83","Part Name":"Mesh20","Part Path":"DELL_Poweredge-R710/Mesh20"},"__StructureProperties":{"Bounds":{"min":[6.481073379516602,0.507565975189209,-5.81958532333374],"max":[6.520316123962402,0.5145418047904968,-5.78638219833374]},"Location":[1,0,0,0,0,1,0,0,0,0,1,0,0,0,0,1]}},"/85":{"__PV_SystemProperties":{"Child Count":"0","Component Name":"Mesh21","Display Name":"Mesh21","Model Extents (mm)":"39.2427","OL File Name":"DELL_Poweredge-R710_21.ol","Part Depth":"2","Part ID":"85","Part ID Path":"/85","Part Name":"Mesh21","Part Path":"DELL_Poweredge-R710/Mesh21"},"__StructureProperties":{"Bounds":{"min":[6.481073379516602,0.48370233178138733,-5.81958532333374],"max":[6.520316123962402,0.49067816138267517,-5.78638219833374]},"Location":[1,0,0,0,0,1,0,0,0,0,1,0,0,0,0,1]}},"/87":{"__PV_SystemProperties":{"Child Count":"0","Component Name":"Mesh22","Display Name":"Mesh22","Model Extents (mm)":"39.2427","OL File Name":"DELL_Poweredge-R710_22.ol","Part Depth":"2","Part ID":"87","Part ID Path":"/87","Part Name":"Mesh22","Part Path":"DELL_Poweredge-R710/Mesh22"},"__StructureProperties":{"Bounds":{"min":[6.481073379516602,0.49961143732070923,-5.81958532333374],"max":[6.520316123962402,0.5065872669219971,-5.78638219833374]},"Location":[1,0,0,0,0,1,0,0,0,0,1,0,0,0,0,1]}},"/89":{"__PV_SystemProperties":{"Child Count":"0","Component Name":"Mesh23","Display Name":"Mesh23","Model Extents (mm)":"39.2427","OL File Name":"DELL_Poweredge-R710_23.ol","Part Depth":"2","Part ID":"89","Part ID Path":"/89","Part Name":"Mesh23","Part Path":"DELL_Poweredge-R710/Mesh23"},"__StructureProperties":{"Bounds":{"min":[6.481073379516602,0.4916568994522095,-5.81958532333374],"max":[6.520316123962402,0.4986327290534973,-5.78638219833374]},"Location":[1,0,0,0,0,1,0,0,0,0,1,0,0,0,0,1]}},"/92":{"__PV_SystemProperties":{"Child Count":"0","Component Name":"Mesh24","Display Name":"Mesh24","Model Extents (mm)":"18.5218","OL File Name":"DELL_Poweredge-R710_24.ol","Part Depth":"2","Part ID":"92","Part ID Path":"/92","Part Name":"Mesh24","Part Path":"DELL_Poweredge-R710/Mesh24"},"__StructureProperties":{"Bounds":{"min":[6.815296649932861,0.4871416389942169,-5.886815547943115],"max":[6.833818435668945,0.500647246837616,-5.883824348449707]},"Location":[1,0,0,0,0,1,0,0,0,0,1,0,0,0,0,1]}},"/94":{"__PV_SystemProperties":{"Child Count":"0","Component Name":"Mesh25","Display Name":"Mesh25","Model Extents (mm)":"12.6183","OL File Name":"DELL_Poweredge-R710_25.ol","Part Depth":"2","Part ID":"94","Part ID Path":"/94","Part Name":"Mesh25","Part Path":"DELL_Poweredge-R710/Mesh25"},"__StructureProperties":{"Bounds":{"min":[6.812572479248047,0.4882912039756775,-5.879669666290283],"max":[6.817475318908691,0.5009095072746277,-5.868974685668945]},"Location":[1,0,0,0,0,1,0,0,0,0,1,0,0,0,0,1]}},"/96":{"__PV_SystemProperties":{"Child Count":"0","Component Name":"Mesh26","Display Name":"Mesh26","Model Extents (mm)":"6.76134","OL File Name":"DELL_Poweredge-R710_26.ol","Part Depth":"2","Part ID":"96","Part ID Path":"/96","Part Name":"Mesh26","Part Path":"DELL_Poweredge-R710/Mesh26"},"__StructureProperties":{"Bounds":{"min":[6.815296649932861,0.4895184636116028,-5.869115352630615],"max":[6.820199489593506,0.4962798058986664,-5.866124153137207]},"Location":[1,0,0,0,0,1,0,0,0,0,1,0,0,0,0,1]}},"/97":{"__PV_SystemProperties":{"Child Count":"0","Component Name":"Mesh27","Display Name":"Mesh27","Model Extents (mm)":"114.514","OL File Name":"DELL_Poweredge-R710_27.ol","Part Depth":"2","Part ID":"97","Part ID Path":"/97","Part Name":"Mesh27","Part Path":"DELL_Poweredge-R710/Mesh27"},"__StructureProperties":{"Bounds":{"min":[6.700782775878906,0.48179134726524353,-5.895567417144775],"max":[6.815296649932861,0.5132259726524353,-5.865774631500244]},"Location":[1,0,0,0,0,1,0,0,0,0,1,0,0,0,0,1]}}}
