{"/":{"":{"Adapter_name":"step2pv","Adapter_platform":"x86e_win64","Adapter_version":"20.1.5.1-Q3TIBO","Pro/E Layer Compatibility":"1","Source_file_name":"ESTRUCTURA_wALL.stp"},"__PV_SystemProperties":{"Child Count":"0","Component Name":"ESTRUCTURA_wALL","Display Name":"ESTRUCTURA_wALL","Model Extents (mm)":"2465","OL File Name":"ESTRUCTURA_wALL.ol","Part Depth":"1","Part ID Path":"/","Part Name":"ESTRUCTURA_wALL","Part Path":"ESTRUCTURA_wALL"},"__StructureProperties":{"Bounds":{"min":[-1.0850000381469727,-1.462499976158142,-0.4000000059604645],"max":[1.0850000381469727,1.002500057220459,0]},"Location":[1,0,0,0,0,1,0,0,0,0,1,0,0,0,0,1]}}}
