{"/":{"":{"Adapter_name":"step2pv","Adapter_platform":"x86e_win64","Adapter_version":"20.1.5.1-Q3TIBO","Pro/E Layer Compatibility":"1","Source_file_name":"G_IC03_XX_22589V.stp"},"__PV_SystemProperties":{"Child Count":"0","Component Name":"G_IC03_XX_22589V","Display Name":"G_IC03_XX_22589V","Model Extents (mm)":"124","OL File Name":"G_IC03_XX_22589V.ol","Part Depth":"1","Part ID Path":"/","Part Name":"G_IC03_XX_22589V","Part Path":"G_IC03_XX_22589V"},"__StructureProperties":{"Bounds":{"min":[0,0,-8.595342215755863e-10],"max":[0.04500000178813934,0.11115000396966934,0.12400000542402267]},"Location":[1,0,0,0,0,1,0,0,0,0,1,0,0,0,0,1]}}}
