{"/":{"":{"Adapter_name":"inv2pvdirect","Adapter_platform":"x86e_win64","Adapter_version":"20.1.5.1-Q3TIBO","Source_file_name":"G_ST70_XX_98624V.iam"},"__PV_SystemProperties":{"Child Count":"3","Component Name":"G_ST70_XX_98624V","Display Name":"G_ST70_XX_98624V","Model Extents (mm)":"290","OL File Name":"","Part Depth":"1","Part ID Path":"/","Part Name":"G_ST70_XX_98624V","Part Path":"G_ST70_XX_98624V"},"__StructureProperties":{"Bounds":{"min":[-9.313225746154785e-10,0,-0.0005999989807605743],"max":[0.04975000023841858,0.28999999165534973,0.21688659489154816]},"Location":[1,0,0,0,0,1,0,0,0,0,1,0,0,0,0,1]}},"/1":{"":{"Source_file_name":"A5E32610339A_001.ipt"},"Mass Properties":{"CenterOfGravity":"0.000000,0.000000,0.000000","Density":"7.150000","IsMassOverridden":"FALSE","IsUptoDate":"FALSE","IsVolumeOverridden":"FALSE","Mass":"0.000000","MomentsOfInertia":"Ixx : 1.000000,Iyy : 1.000000,Izz : 1.000000","SurfaceArea":"0.000000","Volume":"0.000000"},"Project Properties":{"Creation Date":"9/30/2024 0:0:0","Description":" ","Designer":"dpozo","Part Number":"A5E32610339A_001","Revision No":" ","SubType":"Modeling"},"Status Properties":{"Design State":"WorkInProgress"},"Summary Properties":{"Author":"dpozo"},"__PV_SystemProperties":{"Child Count":"0","Component Name":"A5E32610339A_001","Display Name":"A5E32610339A_001_1001","Model Extents (mm)":"290","OL File Name":"G_ST70_XX_98624V_3.ol","Part Depth":"2","Part ID":"1","Part ID Path":"/1","Part Name":"A5E32610339A_001_1001","Part Path":"G_ST70_XX_98624V/A5E32610339A_001_1001"},"__StructureProperties":{"Bounds":{"min":[-9.313225746154785e-10,0,-0.0005999989807605743],"max":[0.04975000023841858,0.28999999165534973,0.210999995470047]},"Location":[6.123233995736766e-17,-1,0,0,-1,-6.123233995736766e-17,1.2246467991473532e-16,0,-1.2246467991473532e-16,-7.498798913309288e-33,-1,0,0.008449999615550041,0.27072998881340027,0.02539999969303608,1]}},"/2":{"":{"Source_file_name":"A5E32621542A_001.ipt"},"Mass Properties":{"CenterOfGravity":"0.000000,0.000000,0.000000","Density":"7.150000","IsMassOverridden":"FALSE","IsUptoDate":"FALSE","IsVolumeOverridden":"FALSE","Mass":"0.000000","MomentsOfInertia":"Ixx : 1.000000,Iyy : 1.000000,Izz : 1.000000","SurfaceArea":"0.000000","Volume":"0.000000"},"Project Properties":{"Creation Date":"9/30/2024 0:0:0","Description":" ","Designer":"dpozo","Part Number":"A5E32621542A_001","Revision No":" ","SubType":"Modeling"},"Status Properties":{"Design State":"WorkInProgress"},"Summary Properties":{"Author":"dpozo"},"__PV_SystemProperties":{"Child Count":"0","Component Name":"A5E32621542A_001","Display Name":"A5E32621542A_001_1002","Model Extents (mm)":"269.95","OL File Name":"G_ST70_XX_98624V_2.ol","Part Depth":"2","Part ID":"2","Part ID Path":"/2","Part Name":"A5E32621542A_001_1002","Part Path":"G_ST70_XX_98624V/A5E32621542A_001_1002"},"__StructureProperties":{"Bounds":{"min":[0.0013135791523382068,0.018583599478006363,0.15330001711845398],"max":[0.04911506175994873,0.2885136306285858,0.21090000867843628]},"Location":[1,0,0,0,0,6.123233995736766e-17,1,0,0,-1,6.123233995736766e-17,0,0.0003313253109809011,8.881784618863365e-19,0.21080000698566437,1]}},"/3":{"":{"Source_file_name":"A5E30372724A_001.ipt"},"Mass Properties":{"CenterOfGravity":"0.000000,0.000000,0.000000","Density":"7.150000","IsMassOverridden":"FALSE","IsUptoDate":"FALSE","IsVolumeOverridden":"FALSE","Mass":"0.000000","MomentsOfInertia":"Ixx : 1.000000,Iyy : 1.000000,Izz : 1.000000","SurfaceArea":"0.000000","Volume":"0.000000"},"Project Properties":{"Creation Date":"9/30/2024 0:0:0","Description":" ","Designer":"dpozo","Part Number":"A5E30372724A_001","Revision No":" ","SubType":"Modeling"},"Status Properties":{"Design State":"WorkInProgress"},"Summary Properties":{"Author":"dpozo"},"__PV_SystemProperties":{"Child Count":"0","Component Name":"A5E30372724A_001","Display Name":"A5E30372724A_001_1003","Model Extents (mm)":"163.015","OL File Name":"G_ST70_XX_98624V.ol","Part Depth":"2","Part ID":"3","Part ID Path":"/3","Part Name":"A5E30372724A_001_1003","Part Path":"G_ST70_XX_98624V/A5E30372724A_001_1003"},"__StructureProperties":{"Bounds":{"min":[-9.313225746154785e-10,0,0.14829427003860474],"max":[0.04975000023841858,0.16301541030406952,0.21688659489154816]},"Location":[6.123233995736766e-17,-1,0,0,-1,-6.123233995736766e-17,1.2246467991473532e-16,0,-1.2246467991473532e-16,-7.498798913309288e-33,-1,0,0.008449999615550041,0.27079999446868896,0.02539741061627865,1]}}}
