{"/":{"":{"Adapter_name":"obj2pv","Adapter_platform":"x86e_win64","Adapter_version":"19.1.6.0-P4EETo","Source_file_name":"Luz.obj"},"__PV_SystemProperties":{"Child Count":"1","Component Name":"Luz","Display Name":"Luz","Model Extents (mm)":"2322.8","OL File Name":"","Part Depth":"1","Part ID Path":"/","Part Name":"Luz","Part Path":"Luz"},"__StructureProperties":{"Bounds":{"min":[-1.1613999605178833,-1.1613999605178833,1.0054999589920044],"max":[1.1613999605178833,1.1613999605178833,3.1591999530792236]},"Location":[1,0,0,0,0,1,0,0,0,0,1,0,0,0,0,1]}},"/@@PV-AUTO-ID@@000":{"__PV_SystemProperties":{"Child Count":"0","Component Name":"Cylinder003","Display Name":"Cylinder003","Model Extents (mm)":"2322.8","OL File Name":"Luz_2.ol","Part Depth":"2","Part ID":"@@PV-AUTO-ID@@000","Part ID Path":"/@@PV-AUTO-ID@@000","Part Name":"Cylinder003","Part Path":"Luz/Cylinder003"},"__StructureProperties":{"Bounds":{"min":[-1.1613999605178833,-1.1613999605178833,1.0054999589920044],"max":[1.1613999605178833,1.1613999605178833,3.1591999530792236]},"Location":[1,0,0,0,0,1,0,0,0,0,1,0,0,0,0,1]}}}
