{"/":{"":{"Adapter_name":"inv2pvdirect","Adapter_platform":"x86e_win64","Adapter_version":"20.1.5.1-Q3TIBO","Source_file_name":"PC Dell OptiPlex Micro 7010.SLDPRT_TOP.iam"},"__PV_SystemProperties":{"Child Count":"5","Component Name":"PC Dell OptiPlex Micro 7010.SLDPRT_TOP","Display Name":"PC Dell OptiPlex Micro 7010.SLDPRT_TOP","Model Extents (mm)":"194.5","OL File Name":"","Part Depth":"1","Part ID Path":"/","Part Name":"PC Dell OptiPlex Micro 7010.SLDPRT_TOP","Part Path":"PC Dell OptiPlex Micro 7010.SLDPRT_TOP"},"__StructureProperties":{"Bounds":{"min":[-0.020799998193979263,-0.0912499949336052,-0.1014999970793724],"max":[0.017999999225139618,0.0912499949336052,0.09300000220537186]},"Location":[1,0,0,0,0,1,0,0,0,0,1,0,0,0,0,1]}},"/1":{"":{"Source_file_name":"Caixa PC Dell OptiPlex Micro 7010.ipt"},"Mass Properties":{"CenterOfGravity":"0.000000,0.000000,0.000000","Density":"1.060000","IsMassOverridden":"FALSE","IsUptoDate":"FALSE","IsVolumeOverridden":"FALSE","Mass":"0.000000","MomentsOfInertia":"Ixx : 1.000000,Iyy : 1.000000,Izz : 1.000000","SurfaceArea":"0.000000","Volume":"0.000000"},"Project Properties":{"Creation Date":"10/18/2023 22:1:1","Designer":"dpozo","Part Number":"Caixa PC Dell OptiPlex Micro 7010","Revision No":"ANY","SubType":"Modeling"},"Status Properties":{"Design State":"WorkInProgress"},"Summary Properties":{"Author":"dpozo"},"__PV_SystemProperties":{"Child Count":"0","Component Name":"Caixa PC Dell OptiPlex Micro 7010","Display Name":"Caixa PC Dell OptiPlex Micro 7010_1","Model Extents (mm)":"186.5","OL File Name":"PC Dell OptiPlex Micro 7010.SLDPRT_TOP_5.ol","Part Depth":"2","Part ID":"1","Part ID Path":"/1","Part Name":"Caixa PC Dell OptiPlex Micro 7010_1","Part Path":"PC Dell OptiPlex Micro 7010.SLDPRT_TOP/Caixa PC Dell OptiPlex Micro 7010_1"},"__StructureProperties":{"Bounds":{"min":[-0.020799998193979263,-0.0912499949336052,-0.1014999970793724],"max":[0.017999999225139618,0.0912499949336052,0.08500000089406967]},"Location":[1,0,0,0,0,1,0,0,0,0,1,0,0,0,0,1]}},"/2":{"":{"Source_file_name":"Frente PC Dell OptiPlex Micro 7010.ipt"},"Mass Properties":{"CenterOfGravity":"0.000000,0.000000,0.000000","Density":"1.060000","IsMassOverridden":"FALSE","IsUptoDate":"FALSE","IsVolumeOverridden":"FALSE","Mass":"0.000000","MomentsOfInertia":"Ixx : 1.000000,Iyy : 1.000000,Izz : 1.000000","SurfaceArea":"0.000000","Volume":"0.000000"},"Project Properties":{"Creation Date":"10/18/2023 22:1:1","Designer":"dpozo","Part Number":"Frente PC Dell OptiPlex Micro 7010","Revision No":"ANY","SubType":"Modeling"},"Status Properties":{"Design State":"WorkInProgress"},"Summary Properties":{"Author":"dpozo"},"__PV_SystemProperties":{"Child Count":"0","Component Name":"Frente PC Dell OptiPlex Micro 7010","Display Name":"Frente PC Dell OptiPlex Micro 7010_2","Model Extents (mm)":"182.5","OL File Name":"PC Dell OptiPlex Micro 7010.SLDPRT_TOP_4.ol","Part Depth":"2","Part ID":"2","Part ID Path":"/2","Part Name":"Frente PC Dell OptiPlex Micro 7010_2","Part Path":"PC Dell OptiPlex Micro 7010.SLDPRT_TOP/Frente PC Dell OptiPlex Micro 7010_2"},"__StructureProperties":{"Bounds":{"min":[-0.017999999225139618,-0.0912499949336052,0.08500000089406967],"max":[0.017999999225139618,0.0912499949336052,0.09300000220537186]},"Location":[1,0,0,0,0,1,0,0,0,0,1,0,0,0,0.08500000089406967,1]}},"/3":{"":{"Source_file_name":"Tampa Antena.ipt"},"Mass Properties":{"CenterOfGravity":"0.000000,0.000000,0.000000","Density":"1.000000","IsMassOverridden":"FALSE","IsUptoDate":"FALSE","IsVolumeOverridden":"FALSE","Mass":"0.000000","MomentsOfInertia":"Ixx : 1.000000,Iyy : 1.000000,Izz : 1.000000","SurfaceArea":"0.000000","Volume":"0.000000"},"Project Properties":{"Creation Date":"10/18/2023 22:1:1","Designer":"dpozo","Part Number":"Tampa Antena","Revision No":"ANY","SubType":"Modeling"},"Status Properties":{"Design State":"WorkInProgress"},"Summary Properties":{"Author":"dpozo"},"__PV_SystemProperties":{"Child Count":"0","Component Name":"Tampa Antena","Display Name":"Tampa Antena_3","Model Extents (mm)":"23.15","OL File Name":"PC Dell OptiPlex Micro 7010.SLDPRT_TOP_3.ol","Part Depth":"2","Part ID":"3","Part ID Path":"/3","Part Name":"Tampa Antena_3","Part Path":"PC Dell OptiPlex Micro 7010.SLDPRT_TOP/Tampa Antena_3"},"__StructureProperties":{"Bounds":{"min":[-0.012325000017881393,0.06960000097751617,-0.10000000149011612],"max":[0.010825000703334808,0.08560000360012054,-0.08500000089406967]},"Location":[-1,-1.2246467991473532e-16,-3.081487946989184e-33,0,1.0580286860298473e-32,-6.123233995736766e-17,-1,0,1.2246467991473532e-16,-1,6.123233995736766e-17,0,-0.000750000006519258,0.07760000228881836,-0.08500000089406967,1]}},"/4":{"":{"Source_file_name":"Gancho Fix.ipt"},"Mass Properties":{"CenterOfGravity":"0.000000,0.000000,0.000000","Density":"1.000000","IsMassOverridden":"FALSE","IsUptoDate":"FALSE","IsVolumeOverridden":"FALSE","Mass":"0.000000","MomentsOfInertia":"Ixx : 1.000000,Iyy : 1.000000,Izz : 1.000000","SurfaceArea":"0.000000","Volume":"0.000000"},"Project Properties":{"Creation Date":"10/18/2023 22:1:1","Designer":"dpozo","Part Number":"Gancho Fix","Revision No":"ANY","SubType":"Modeling"},"Status Properties":{"Design State":"WorkInProgress"},"Summary Properties":{"Author":"dpozo"},"__PV_SystemProperties":{"Child Count":"0","Component Name":"Gancho Fix","Display Name":"Gancho Fix_4","Model Extents (mm)":"21.6836","OL File Name":"PC Dell OptiPlex Micro 7010.SLDPRT_TOP_2.ol","Part Depth":"2","Part ID":"4","Part ID Path":"/4","Part Name":"Gancho Fix_4","Part Path":"PC Dell OptiPlex Micro 7010.SLDPRT_TOP/Gancho Fix_4"},"__StructureProperties":{"Bounds":{"min":[0.006803558208048344,0.010300889611244202,-0.09818613529205322],"max":[0.01600000075995922,0.02879999950528145,-0.07650250196456909]},"Location":[6.123233995736766e-17,-1,-5.551115187922866e-17,0,6.123233995736766e-17,5.551115187922866e-17,-1,0,1,6.123233995736766e-17,6.123233995736766e-17,0,0.007400000002235174,0.02879999950528145,-0.08500000089406967,1]}},"/5":{"":{"Source_file_name":"Paraf Fix Tampa.ipt"},"Mass Properties":{"CenterOfGravity":"0.000000,0.000000,0.000000","Density":"1.000000","IsMassOverridden":"FALSE","IsUptoDate":"FALSE","IsVolumeOverridden":"FALSE","Mass":"0.000000","MomentsOfInertia":"Ixx : 1.000000,Iyy : 1.000000,Izz : 1.000000","SurfaceArea":"0.000000","Volume":"0.000000"},"Project Properties":{"Creation Date":"10/18/2023 22:1:1","Designer":"dpozo","Part Number":"Paraf Fix Tampa","Revision No":"ANY","SubType":"Modeling"},"Status Properties":{"Design State":"WorkInProgress"},"Summary Properties":{"Author":"dpozo"},"__PV_SystemProperties":{"Child Count":"0","Component Name":"Paraf Fix Tampa","Display Name":"Paraf Fix Tampa_5","Model Extents (mm)":"15.8","OL File Name":"PC Dell OptiPlex Micro 7010.SLDPRT_TOP.ol","Part Depth":"2","Part ID":"5","Part ID Path":"/5","Part Name":"Paraf Fix Tampa_5","Part Path":"PC Dell OptiPlex Micro 7010.SLDPRT_TOP/Paraf Fix Tampa_5"},"__StructureProperties":{"Bounds":{"min":[0.006585543975234032,0.010085543617606163,-0.09260000288486481],"max":[0.016214456409215927,0.01971445605158806,-0.07680000364780426]},"Location":[0.024656508504004016,-0.9996959820807484,-1.110223037584573e-16,0,5.84763018520284e-17,1.1249832669955705e-16,-1,0,0.9996959820807484,0.024656508504004016,6.123233995736766e-17,0,0.01140000019222498,0.01489999983459711,-0.09260000288486481,1]}}}
