{"/":{"":{"Adapter_name":"iges2pv","Adapter_platform":"x86e_win64","Adapter_version":"20.1.5.1-Q3TIBO","Source_file_name":"Siemens Sitrans P.IGS"},"__PV_SystemProperties":{"Child Count":"0","Component Name":"Siemens Sitrans P","Display Name":"Siemens Sitrans P","Model Extents (mm)":"199.666","OL File Name":"Siemens Sitrans P.ol","Part Depth":"1","Part ID Path":"/","Part Name":"Siemens Sitrans P","Part Path":"Siemens Sitrans P"},"__StructureProperties":{"Bounds":{"min":[-0.051500000059604645,-0.14975939691066742,-0.06710000336170197],"max":[0.051500000059604645,0.0494999997317791,0.07160000503063202]},"Location":[1,0,0,0,0,1,0,0,0,0,1,0,0,0,0,1]}}}
