{"/":{"":{"Adapter_name":"inv2pvdirect","Adapter_platform":"x86e_win64","Adapter_version":"20.1.5.1-Q3TIBO","Source_file_name":"SITRANS-PROFIBUS.iam"},"__PV_SystemProperties":{"Child Count":"9","Component Name":"SITRANS-PROFIBUS","Display Name":"SITRANS-PROFIBUS","Model Extents (mm)":"329","OL File Name":"","Part Depth":"1","Part ID Path":"/","Part Name":"SITRANS-PROFIBUS","Part Path":"SITRANS-PROFIBUS"},"__StructureProperties":{"Bounds":{"min":[-0.1672278493642807,-0.08235391229391098,-0.04249907657504082],"max":[0.16177213191986084,0.040646083652973175,0.03157282620668411]},"Location":[1,0,0,0,0,1,0,0,0,0,1,0,0,0,0,1]}},"/1":{"":{"Source_file_name":"G_PCS7_XX_01038V.iam"},"__PV_SystemProperties":{"Child Count":"5","Component Name":"G_PCS7_XX_01038V","Display Name":"G_PCS7_XX_01038V","Model Extents (mm)":"329","OL File Name":"","Part Depth":"2","Part ID":"1","Part ID Path":"/1","Part Name":"G_PCS7_XX_01038V","Part Path":"SITRANS-PROFIBUS/G_PCS7_XX_01038V"},"__StructureProperties":{"Bounds":{"min":[-0.1672278493642807,-0.08235391229391098,-0.04249907657504082],"max":[0.16177213191986084,0.040646083652973175,0.03152187168598175]},"Location":[1,-2.775557593961433e-17,-5.689892984463672e-16,0,2.7755575939614383e-17,1,1.0061396347407915e-16,0,5.689892984463672e-16,-1.0061396347407916e-16,1,0,-0.1603778600692749,-0.08235391229391098,-0.04049907624721527,1]}},"/1/1":{"":{"Source_file_name":"A5E46900893A_001.ipt"},"Mass Properties":{"CenterOfGravity":"0.000000,0.000000,0.000000","Density":"1.000000","IsMassOverridden":"FALSE","IsUptoDate":"FALSE","IsVolumeOverridden":"FALSE","Mass":"0.000000","MomentsOfInertia":"Ixx : 1.000000,Iyy : 1.000000,Izz : 1.000000","SurfaceArea":"0.000000","Volume":"0.000000"},"Project Properties":{"Creation Date":"9/30/2024 0:0:0","Description":" ","Designer":"dpozo","Part Number":"A5E46900893A_001","Revision No":" ","SubType":"Modeling"},"Status Properties":{"Design State":"WorkInProgress"},"Summary Properties":{"Author":"dpozo"},"__PV_SystemProperties":{"Child Count":"0","Component Name":"A5E46900893A_001","Display Name":"A5E46900893A_001_1003","Model Extents (mm)":"249.91","OL File Name":"SITRANS-PROFIBUS_6.ol","Part Depth":"3","Part ID":"1","Part ID Path":"/1/1","Part Name":"A5E46900893A_001_1003","Part Path":"SITRANS-PROFIBUS/G_PCS7_XX_01038V/A5E46900893A_001_1003"},"__StructureProperties":{"Bounds":{"min":[-0.10404786467552185,0.0027260929346084595,-0.014049077406525612],"max":[0.1458621323108673,0.027476079761981964,0.014280922710895538]},"Location":[1,-2.775557593961433e-17,-5.689892984463672e-16,0,2.7755575939614383e-17,1,1.0061396347407915e-16,0,5.689892984463672e-16,-1.0061396347407916e-16,1,0,-0.1603778600692749,-0.08235391229391098,-0.04049907624721527,1]}},"/1/2":{"":{"Source_file_name":"A5E46900895A_001.ipt"},"Mass Properties":{"CenterOfGravity":"0.000000,0.000000,0.000000","Density":"1.000000","IsMassOverridden":"FALSE","IsUptoDate":"FALSE","IsVolumeOverridden":"FALSE","Mass":"0.000000","MomentsOfInertia":"Ixx : 1.000000,Iyy : 1.000000,Izz : 1.000000","SurfaceArea":"0.000000","Volume":"0.000000"},"Project Properties":{"Creation Date":"9/30/2024 0:0:0","Description":" ","Designer":"dpozo","Part Number":"A5E46900895A_001","Revision No":" ","SubType":"Modeling"},"Status Properties":{"Design State":"WorkInProgress"},"Summary Properties":{"Author":"dpozo"},"__PV_SystemProperties":{"Child Count":"0","Component Name":"A5E46900895A_001","Display Name":"A5E46900895A_001_1004","Model Extents (mm)":"233.602","OL File Name":"SITRANS-PROFIBUS_5.ol","Part Depth":"3","Part ID":"2","Part ID Path":"/1/2","Part Name":"A5E46900895A_001_1004","Part Path":"SITRANS-PROFIBUS/G_PCS7_XX_01038V/A5E46900895A_001_1004"},"__StructureProperties":{"Bounds":{"min":[-0.10180123150348663,0.021896086633205414,0.00014092400670051575],"max":[0.1318008303642273,0.027526088058948517,0.00353960320353508]},"Location":[1,-2.775557593961433e-17,-5.689892984463672e-16,0,2.7755575939614383e-17,1,1.0061396347407915e-16,0,5.689892984463672e-16,-1.0061396347407916e-16,1,0,-0.1603778600692749,-0.08235391229391098,-0.04049907624721527,1]}},"/1/3":{"":{"Source_file_name":"A5E43344111A_001.iam"},"__PV_SystemProperties":{"Child Count":"2","Component Name":"A5E43344111A_001","Display Name":"A5E43344111A_001_1005","Model Extents (mm)":"329","OL File Name":"","Part Depth":"3","Part ID":"3","Part ID Path":"/1/3","Part Name":"A5E43344111A_001_1005","Part Path":"SITRANS-PROFIBUS/G_PCS7_XX_01038V/A5E43344111A_001_1005"},"__StructureProperties":{"Bounds":{"min":[-0.1672278344631195,-0.08235390484333038,-0.04249907657504082],"max":[0.16177213191986084,0.04064609110355377,0.03152187168598175]},"Location":[1,-2.775557593961433e-17,-5.689892984463672e-16,0,2.7755575939614383e-17,1,1.0061396347407915e-16,0,5.689892984463672e-16,-1.0061396347407916e-16,1,0,-0.4027278572320938,-0.013353914022445679,-0.040499076247215125,1]}},"/1/3/1":{"":{"Source_file_name":"A5E43344122A_001.ipt"},"Mass Properties":{"CenterOfGravity":"0.000000,0.000000,0.000000","Density":"1.000000","IsMassOverridden":"FALSE","IsUptoDate":"FALSE","IsVolumeOverridden":"FALSE","Mass":"0.000000","MomentsOfInertia":"Ixx : 1.000000,Iyy : 1.000000,Izz : 1.000000","SurfaceArea":"0.000000","Volume":"0.000000"},"Project Properties":{"Creation Date":"9/30/2024 0:0:0","Description":" ","Designer":"dpozo","Part Number":"A5E43344122A_001","Revision No":" ","SubType":"Modeling"},"Status Properties":{"Design State":"WorkInProgress"},"Summary Properties":{"Author":"dpozo"},"__PV_SystemProperties":{"Child Count":"0","Component Name":"A5E43344122A_001","Display Name":"A5E43344122A_001_1001","Model Extents (mm)":"329","OL File Name":"SITRANS-PROFIBUS_4.ol","Part Depth":"4","Part ID":"1","Part ID Path":"/1/3/1","Part Name":"A5E43344122A_001_1001","Part Path":"SITRANS-PROFIBUS/G_PCS7_XX_01038V/A5E43344111A_001_1005/A5E43344122A_001_1001"},"__StructureProperties":{"Bounds":{"min":[-0.1672278493642807,-0.08235390484333038,-0.04249907657504082],"max":[0.16177214682102203,0.04064609110355377,0.03152187168598175]},"Location":[1,-2.775557593961433e-17,-5.689892984463672e-16,0,2.7755575939614383e-17,1,1.0061396347407915e-16,0,5.689892984463672e-16,-1.0061396347407916e-16,1,0,-0.0027278512716293335,-0.013353914022445689,-0.040499076247215354,1]}},"/1/3/2":{"":{"Source_file_name":"A5E43353145A_001.ipt"},"Mass Properties":{"CenterOfGravity":"0.000000,0.000000,0.000000","Density":"1.000000","IsMassOverridden":"FALSE","IsUptoDate":"FALSE","IsVolumeOverridden":"FALSE","Mass":"0.000000","MomentsOfInertia":"Ixx : 1.000000,Iyy : 1.000000,Izz : 1.000000","SurfaceArea":"0.000000","Volume":"0.000000"},"Project Properties":{"Creation Date":"9/30/2024 0:0:0","Description":" ","Designer":"dpozo","Part Number":"A5E43353145A_001","Revision No":" ","SubType":"Modeling"},"Status Properties":{"Design State":"WorkInProgress"},"Summary Properties":{"Author":"dpozo"},"__PV_SystemProperties":{"Child Count":"0","Component Name":"A5E43353145A_001","Display Name":"A5E43353145A_001_1002","Model Extents (mm)":"290.017","OL File Name":"SITRANS-PROFIBUS_3.ol","Part Depth":"4","Part ID":"2","Part ID Path":"/1/3/2","Part Name":"A5E43353145A_001_1002","Part Path":"SITRANS-PROFIBUS/G_PCS7_XX_01038V/A5E43344111A_001_1005/A5E43353145A_001_1002"},"__StructureProperties":{"Bounds":{"min":[-0.14324428141117096,-0.06786762177944183,-0.022699076682329178],"max":[0.1467728465795517,0.03417961299419403,0.03150709718465805]},"Location":[1,-2.775557593961433e-17,-5.689892984463672e-16,0,2.7755575939614383e-17,1,1.0061396347407915e-16,0,5.689892984463672e-16,-1.0061396347407916e-16,1,0,-0.002727523446083069,-0.013348326011055189,-0.04049907624721534,1]}},"/2":{"":{"Source_file_name":"A5E30906068A_RS-AA_003_3-CAx_6ES71936AR000AA0.iam"},"__PV_SystemProperties":{"Child Count":"2","Component Name":"A5E30906068A_RS-AA_003_3-CAx_6ES71936AR000AA0","Display Name":"A5E30906068A_RS-AA_003_3-CAx_6ES71936AR000AA0","Model Extents (mm)":"69.3","OL File Name":"","Part Depth":"2","Part ID":"2","Part ID Path":"/2","Part Name":"A5E30906068A_RS-AA_003_3-CAx_6ES71936AR000AA0","Part Path":"SITRANS-PROFIBUS/A5E30906068A_RS-AA_003_3-CAx_6ES71936AR000AA0"},"__StructureProperties":{"Bounds":{"min":[-0.14852751791477203,-0.03153674677014351,-0.032124876976013184],"max":[-0.12602752447128296,0.03776324912905693,0.03157282620668411]},"Location":[1,1.9428903342523952e-16,-5.689892984463672e-16,0,-1.942890334252387e-16,1,1.4328815494415116e-15,0,5.689892984463675e-16,-1.4328815494415114e-15,1,0,-0.14852751791477203,-0.03153674677014351,-0.014374879188835621,1]}},"/2/1":{"":{"Source_file_name":"A5E30906066A_RS-AA_002_2-box.ipt"},"Mass Properties":{"CenterOfGravity":"0.000000,0.000000,0.000000","Density":"1.000000","IsMassOverridden":"FALSE","IsUptoDate":"FALSE","IsVolumeOverridden":"FALSE","Mass":"0.000000","MomentsOfInertia":"Ixx : 1.000000,Iyy : 1.000000,Izz : 1.000000","SurfaceArea":"0.000000","Volume":"0.000000"},"Project Properties":{"Creation Date":"9/30/2024 0:0:0","Description":" ","Designer":"dpozo","Part Number":"A5E30906066A_RS-AA_002_2-box","Revision No":" ","SubType":"Modeling"},"Status Properties":{"Design State":"WorkInProgress"},"Summary Properties":{"Author":"dpozo"},"__PV_SystemProperties":{"Child Count":"0","Component Name":"A5E30906066A_RS-AA_002_2-box","Display Name":"A5E30906066A_RS-AA_002_2-box_1001","Model Extents (mm)":"69.3","OL File Name":"SITRANS-PROFIBUS_2.ol","Part Depth":"3","Part ID":"1","Part ID Path":"/2/1","Part Name":"A5E30906066A_RS-AA_002_2-box_1001","Part Path":"SITRANS-PROFIBUS/A5E30906068A_RS-AA_003_3-CAx_6ES71936AR000AA0/A5E30906066A_RS-AA_002_2-box_1001"},"__StructureProperties":{"Bounds":{"min":[-0.14852751791477203,-0.03153674677014351,-0.032124876976013184],"max":[-0.12602752447128296,0.03776325285434723,0.031524982303380966]},"Location":[1,1.9428903342523952e-16,-5.689892984463672e-16,0,-1.942890334252387e-16,1,1.4328815494415116e-15,0,5.689892984463675e-16,-1.4328815494415114e-15,1,0,-0.11842751875519754,0.00046325474977496756,-0.03547487873584029,1]}},"/2/2":{"":{"Source_file_name":"A5E30906067A_RS-AA_002_2-labeling.ipt"},"Mass Properties":{"CenterOfGravity":"0.000000,0.000000,0.000000","Density":"1.000000","IsMassOverridden":"FALSE","IsUptoDate":"FALSE","IsVolumeOverridden":"FALSE","Mass":"0.000000","MomentsOfInertia":"Ixx : 1.000000,Iyy : 1.000000,Izz : 1.000000","SurfaceArea":"0.000000","Volume":"0.000000"},"Project Properties":{"Creation Date":"9/30/2024 0:0:0","Description":" ","Designer":"dpozo","Part Number":"A5E30906067A_RS-AA_002_2-labeling","Revision No":" ","SubType":"Modeling"},"Status Properties":{"Design State":"WorkInProgress"},"Summary Properties":{"Author":"dpozo"},"__PV_SystemProperties":{"Child Count":"0","Component Name":"A5E30906067A_RS-AA_002_2-labeling","Display Name":"A5E30906067A_RS-AA_002_2-labeling_1002","Model Extents (mm)":"63.9406","OL File Name":"SITRANS-PROFIBUS.ol","Part Depth":"3","Part ID":"2","Part ID Path":"/2/2","Part Name":"A5E30906067A_RS-AA_002_2-labeling_1002","Part Path":"SITRANS-PROFIBUS/A5E30906068A_RS-AA_003_3-CAx_6ES71936AR000AA0/A5E30906067A_RS-AA_002_2-labeling_1002"},"__StructureProperties":{"Bounds":{"min":[-0.14752726256847382,-0.028847333043813705,0.030786389485001564],"max":[-0.12952733039855957,0.03509330376982689,0.03157282620668411]},"Location":[1,-2.537707081786412e-16,9.674096315325657e-15,0,-9.674317465292295e-15,-0.0008864330527464999,0.9999996071181443,0,-2.451951697473767e-16,-0.9999996071181443,-0.0008864330527464999,0,-0.1485275179147721,-0.03153381821266528,0.03289137315005064,1]}}}
