{"/":{"":{"Adapter_name":"inv2pvdirect","Adapter_platform":"x86e_win64","Adapter_version":"20.1.5.1-Q3TIBO","Source_file_name":"SITRANS320.iam"},"__PV_SystemProperties":{"Child Count":"1","Component Name":"SITRANS320","Display Name":"SITRANS320","Model Extents (mm)":"533.75","OL File Name":"","Part Depth":"1","Part ID Path":"/","Part Name":"SITRANS320","Part Path":"SITRANS320"},"__StructureProperties":{"Bounds":{"min":[-0.12816810607910156,-0.24413293600082397,-0.26687097549438477],"max":[0.1133318766951561,0.2458670437335968,0.2668791115283966]},"Location":[1,0,0,0,0,1,0,0,0,0,1,0,0,0,0,1]}},"/1":{"":{"Source_file_name":"7ME44543ED111BA3 v5.ipt"},"Mass Properties":{"CenterOfGravity":"0.000000,0.000000,0.000000","Density":"1.000000","IsMassOverridden":"FALSE","IsUptoDate":"FALSE","IsVolumeOverridden":"FALSE","Mass":"0.000000","MomentsOfInertia":"Ixx : 1.000000,Iyy : 1.000000,Izz : 1.000000","SurfaceArea":"0.000000","Volume":"0.000000"},"Project Properties":{"Creation Date":"10/7/2024 0:0:0","Designer":"AdminForWorker","Part Number":"001_objects","SubType":"Modeling"},"Status Properties":{"Design State":"WorkInProgress"},"Summary Properties":{"Author":"AdminForWorker","Title":"7ME44543ED111BA3 v6"},"__PV_SystemProperties":{"Child Count":"0","Component Name":"7ME44543ED111BA3 v5","Display Name":"7ME44543ED111BA3 v5","Model Extents (mm)":"533.75","OL File Name":"SITRANS320.ol","Part Depth":"2","Part ID":"1","Part ID Path":"/1","Part Name":"7ME44543ED111BA3 v5","Part Path":"SITRANS320/7ME44543ED111BA3 v5"},"__StructureProperties":{"Bounds":{"min":[-0.12816810607910156,-0.24413293600082397,-0.26687097549438477],"max":[0.1133318766951561,0.2458670437335968,0.2668791115283966]},"Location":[1,0,0,0,0,1,0,0,0,0,1,0,-0.01066811103373766,0.0008670520037412643,0.09187911450862885,1]}}}
